27.12,4607,16.96,48.16,9.43,25.46,70.06,5.03,1.54,11.6,0.41,11.36,1150,43.56,13.13,15.5,2.88,0.91,0.4,1.26,0.83,7.7,13.83
20.76,5248,15.84,48.67,5.81,29.69,73.47,5.16,1.36,12.96,0.14,6.9,1160,32.23,7.19,7.07,14.13,3.76,15.44,0.94,1.2,4.38,13.66
8.35,6067,4.31,33.55,18.33,43.8,71,4.62,1.65,2.96,0.61,19.16,1330,67.88,11.37,3.7,1.15,0.72,0.44,1.22,0.8,1.08,11.64
10.93,6067,4.94,33.56,16.3,45.2,69.37,4.69,1.56,6.42,0.81,17.15,1460,61.75,20.27,5.13,0.75,0.9,0.29,1.69,0.82,0.63,7.77
24.21,4979,12.83,46.41,9.57,31.19,69.5,5.07,0.97,12.62,0.86,10.98,1150,39.9,14.41,10.29,5.63,2.55,2.35,1.34,0.82,8.6,14.11
25.78,4666,16.82,46.47,8.86,27.85,69.95,5.03,1.36,12.4,0.61,10.65,1160,52.42,12.63,11.16,2.27,1.08,0.46,1.09,1.24,3.1,14.55
8.96,5783,3.74,32.6,20.91,42.75,67.46,4.71,2.13,3.37,0.61,21.72,1500,57.47,21.25,2.77,0.62,0.6,0.27,1.38,1.19,1.1,13.35
21.45,5118,15.4,48.64,6.31,29.65,72.61,5.23,1.23,13.44,0.04,7.46,1110,37.58,8.69,7.21,8.73,2.6,7.3,1.01,1.7,8.44,16.74
31.65,4386,20.29,51.23,3.01,25.46,73.82,5.26,1.14,15.88,0.13,3.78,1230,18.35,10.13,20.09,15.75,12.36,0.12,0.41,1.92,9.42,11.45
20.01,5195,14.84,48.19,8.21,28.76,69.5,4.92,1.08,14.82,0.04,9.64,1170,30.26,9.38,9.51,22.26,4.72,9.27,0.77,0.82,8.05,4.96
24.23,4805,17.48,48.03,9.59,24.89,67.22,4.8,1.3,14.34,0.71,11.62,1160,50.09,16.73,10.97,3.48,1.82,1.34,1.52,1.24,3.28,9.53
10.43,5849,5.5,31.88,17.59,45.03,68.71,4.19,1.38,6.71,0.4,18.61,1460,74.05,13.17,2.62,0.16,0.21,0.09,0.67,0.82,0.83,7.38
20.78,5156,14.37,49.52,7.09,28.01,76.93,4.34,1.16,9.22,0.07,8.28,1090,36.44,11.15,19.42,7.93,2.82,3.42,0.87,0.82,7.15,9.98
11.65,6320,5.34,31.58,11.29,51.79,76.69,4.38,1.09,5.66,0.25,11.93,1380,53.62,22.37,2.8,1.63,0.99,1.32,0.6,1.23,2.75,12.69
24.57,4713,17.87,45.12,8027,28.75,66.18,4.71,1.47,16.8,0.77,10.07,1250,32.1,14.54,21.01,7.65,3.23,0.54,0.99,0.81,8.6,10.53
9.29,6072,3.87,33.68,19.36,43.09,67.97,4.47,1.41,5.08,0.17,20.14,1470,66.8,15.97,3.29,0.91,0.63,0.27,0.64,0.82,4.83,5.84
7.6,6113,2.62,28.8,18.88,49.7,69.83,4.12,1.48,4.7,0.49,19.39,1330,51.58,21.22,4.22,3.11,0.51,0.18,0.72,1.23,3.83,13.4
9.08,6040,3.34,33.97,16.13,46.56,71.16,4.43,1.6,5.66,0.46,16.69,1400,67.65,16.42,3.48,0.82,0.56,0.29,1.32,0.81,0.75,7.9
19.94,5232,15.48,48.3,5.24,30.98,70.6,5.08,1.15,16.74,0.23,6.2,1110,39.22,9.25,6.96,13.02,1.35,2.98,1.04,1.2,5.83,19.15
24.03,5178,17.48,42.08,3.7,36.74,73.42,5.01,0.88,15.99,0.22,4.48,1180,37.81,9.39,4.11,12.02,3.01,13.72,0.36,0.82,10.58,8.18
22,5221,17.63,47.37,4.7,30.3,70.1,4.98,1.18,17.85,0.18,5.71,1100,37.7,8.19,7.83,15.29,3.17,3.41,1.01,0.83,4.25,18.32
11.26,5861,5.4,35.93,16.07,42.6,67.5,4.52,1.73,8.6,0.66,16.99,1450,55.59,15.88,5.57,0.1,0.51,0.28,1.41,0.8,0.48,19.38
18.72,5330,11.94,32.85,11.41,43.79,71.63,4.25,1.98,8.55,0.64,12.96,1270,55.55,13.56,7.7,1,0.67,0.28,1.04,1.22,0.28,18.7
19.9,5355,16.23,47.49,5.98,30.31,69.06,4.93,1.23,17.53,0.11,7.14,1150,33.04,6.83,9.9,18.88,3.74,2.87,0.74,0.82,6.45,16.73
11.06,6039,6.25,35.88,16.13,41.75,69.52,4.6,1,6.86,0.82,17.21,1330,50.74,14.46,5.75,0.21,0.63,0.34,1.19,1.21,0.9,24.57
10.56,6302,7.72,38.49,8.88,44.91,72.41,4.89,1.55,10.69,0.84,9.62,1230,55.68,14.86,8.17,0.94,1.12,0.69,1.63,1.27,1.35,14.29
20.67,5252,18.88,46.9,4.44,31.77,68.58,4.78,1.2,19.9,0.2,5.34,1080,34.27,13.25,8.27,11.66,3.38,2.87,1.19,1.23,6.6,17.28
11.97,6418,9.77,40.15,5.33,44.75,73.31,4.9,1.73,13.44,0.71,5.91,1170,47.62,16.55,9.23,2.17,1.82,2.58,2.01,1.23,3.75,13.04
10.8,6049,4.62,31.85,17.88,45.64,68.94,4.2,1.51,6.37,0.25,18.75,1510,63.86,12.55,1.66,0.06,0.07,0.03,0.29,0.8,3.45,17.23
8.72,6151,3.48,28.15,19.14,49.24,70.49,3.91,1.57,3.98,0.22,19.83,1220,50.12,17.39,14.52,2.5,1.06,0.31,2.28,0.8,3.4,7.62
17.19,5632,14.71,45.59,4.81,34.88,70.83,5,1.57,16.75,0.21,5.64,1090,30.69,12.5,10.11,11.97,3.95,6.53,0.72,1.18,7.9,14.45
21.86,5247,17.09,46.1,6.87,29.94,69.99,5.09,1.54,14.7,0.39,8.29,1180,55.35,16.2,10.29,4.31,3.37,1.41,1.54,0.81,6.25,0.47
20.76,5456,19.17,46.45,4.06,30.32,70.2,4.86,2.25,17.49,0.18,5.02,1130,44.39,11.77,11.6,15.67,4.24,3.67,1.24,0.81,3.95,2.66
10.35,6135,5.59,36.19,16.78,41.44,68.4,4.7,1.8,6.61,0.72,17.77,1440,59.04,17.21,8.41,0.48,0.89,0.66,1.36,1.22,0.95,9.78
20.26,5300,17.93,49.48,6.49,26.1,67.7,4.86,1.12,18.28,0.13,7.91,1110,36.12,18.76,14.32,14.15,3.17,3.69,1.34,1.23,6.2,1.02
21.47,5089,17.06,46.77,7.41,28.76,68.1,4.88,1.39,15.93,0.77,8.93,1180,42.3,19.1,14.58,5.45,1.65,1.29,1.62,1.23,5.86,6.92
23.06,5318,18.9,43.03,4.7,33.37,70.96,4.86,0.9,17.28,0.21,5.8,1190,43.6,13.76,6.05,11.74,1.89,9.03,0.63,1.22,10.24,1.84
18.54,5666,13.24,37.21,9.3,40.25,63.68,4.47,1.96,18.69,0.48,10.72,1170,51.12,26.47,11.79,3.16,1.47,0.97,0.93,0.83,1.15,2.11
13.33,6272,9.44,41.59,6.29,42.68,72.97,4.9,1.38,13.11,0.7,6.95,1200,48.21,24.95,11.95,3.41,1.49,1.53,2.07,0.81,2.83,2.75
10.53,6353,3.55,28.13,15.48,52.84,74.48,4.2,1.61,3.25,0.41,16.05,1270,52.37,27.3,11.92,1.66,0.88,0.35,1.45,1.37,1.43,1.27
10.62,6309,5.84,39.29,9.24,45.63,74.59,5.1,1.68,8.08,0.73,9.81,1300,46.43,29.3,8.91,1.11,1.25,0.85,2.4,1.22,1.18,7.35
10.7,6119,4.34,33.07,15.88,46.7,69.67,4.54,1.77,6.79,0.63,16.6,1480,47.39,33.37,6.74,0.6,0.98,0.5,1.41,0.81,1.05,7.15
19.83,5305,16.29,44.32,7.82,31.57,67.5,4.9,1.27,16.88,0.11,9.34,1160,43.57,20.26,9.12,10.59,3.54,4.56,1.68,0.82,4.65,1.21
10.5,6087,5.79,29.91,16.06,48.25,71.56,3.91,1.51,5.58,0.39,17.05,1350,53.01,22.62,10.41,2.05,1.33,0.37,1.79,0.81,1.7,5.91
17.9,5560,16.68,46.47,6.09,30.76,69.25,4.92,1.58,16.65,0.29,7.31,1110,36.78,16.2,11.58,11.18,4.53,5.77,1.2,0.83,11.25,0.68
19.35,5472,16.1,47.21,4.26,32.43,71.44,5.01,1.29,16.96,0.22,5.05,1200,44.97,18.19,9.79,10.12,3.52,2.44,1.83,0.82,5.35,2.97
20.49,5323,14.42,41.32,5.98,38.28,70.43,4.93,1.6,15.42,0.64,6.99,1200,34.64,17.6,9.41,8.49,3.41,0.44,1.28,1.64,9.9,13.19
24.11,4913,16.2,40.24,11.79,31.77,64.7,4.74,1.32,14.49,0.68,14.07,1230,43.95,23.98,16.48,1.92,1.83,0.65,2.09,0.81,3,5.29
24.02,5168,18.72,43.21,4.67,33.4,70.4,4.96,1.33,17.31,0.26,5.75,1130,38.6,15.14,14.2,8.93,2.95,3.97,1.12,0.81,6.95,7.33
23.4,4995,16.98,45.82,7.36,29.84,71.46,5.18,1.49,11.95,1.06,8.87,1140,39.2,15.7,14.78,5.13,3.09,0.88,1.28,1.24,4.55,14.15
17.86,5745,10.68,34.87,9.53,44.92,76.24,4.89,2.28,5.41,0.52,10.67,1220,56.16,19.43,6.06,2.63,1.16,0.95,1.02,0.8,0.45,11.34
27.39,4683,19.38,42.86,7.09,30.66,72.36,5.14,1,12.28,0.43,8.79,1160,41.02,11.35,4.05,18.99,3.43,1.03,0.48,1.21,0.63,17.81
20.46,5098,16.43,47.46,8.58,27.53,67.75,4.89,1,15.95,0.15,10.27,1150,49.2,10.42,5.04,5.31,2.57,6.4,1.21,0.81,4.28,14.76
33.83,4380,20.93,49.91,3.75,25.4,69.89,4.99,0.99,19.29,0.09,4.74,1130,33.85,7.63,14.29,8.29,7.41,0.47,0.63,1.29,8,18.14
8.34,5978,5.81,38.53,12.84,42.82,69.06,4.48,0.93,11.7,0.2,13.63,1220,57.99,13.59,2.85,8.23,1.29,0.66,0.95,0.82,3.5,10.12
21.47,5313,18.51,43.41,5.37,32.72,69.1,5,1.23,17.91,0.17,6.59,1140,34.26,17.72,14.11,11.3,3.24,3.64,1.07,0.82,9.38,4.46
11.84,5955,8.03,41.31,14.25,36.4,68.33,5.12,1.31,9.01,0.74,15.49,1340,48.59,32.19,6.67,0.47,0.74,0.33,0.38,0.81,1.33,8.49
17.99,5837,14.9,32.51,7.23,45.36,70.5,4.48,1.91,14.09,0.53,8.5,1180,43.48,27.12,12.74,3.32,1.65,1.36,0.65,1.6,1.53,6.55
9.92,61.26,5.91,38.32,12.67,43.1,69.63,4.36,1.36,10.58,0.34,13.47,1240,29.95,27.72,16.42,3.08,2.16,1.96,1.91,0.81,3.45,12.54
24.69,5318,21.58,45.44,4.14,28.83,69.97,4.8,0.85,18.71,0.39,5.28,1280,37.05,18.96,5.92,13.24,3.52,7.82,0.65,1.62,1.45,9.77
14.1,6000,8.78,41.53,10.45,39.25,68.5,4.76,0.97,13.82,0.5,11.46,1520,50.56,37.24,5.34,0.5,1.86,0.83,0.5,0.83,0.6,1.74
18.04,5336,8.44,30.67,12.54,48.35,67.88,3.77,1.6,12.61,0.45,13.7,1250,57.57,22.5,11.09,1.92,1.66,0.47,1.43,0.83,1.35,1.18
35.14,4306,15.49,45.1,4.16,35.25,69.8,4.95,0.95,19.2,0.18,4.92,1170,42.49,18.15,11.89,5.94,3.39,2.1,0.9,0.83,7.6,6.71
21.2,5204,5.52,46.4,6.82,41.26,67.2,4.79,1.08,19.54,0.17,7.22,1110,40.76,17.39,10.47,10.85,3.66,4.58,1.43,0.83,4,6.03
10.34,6034,3.5,38.25,13.76,44.49,70.8,4.77,1.6,8.38,0.2,14.26,1290,47.49,27.87,9.82,2.81,2.07,0.4,1.18,1.64,4.03,2.69
29.54,4605,5.54,49.9,3.78,40.78,68.6,4.8,0.99,21.5,0.11,4,1230,36.92,12.12,18.13,16.12,6.78,0.13,0.74,0.98,5.5,2.58
8.82,5960,1.83,31.24,19.96,46.97,63.7,4.21,1.98,8.59,1.19,20.33,1520,41.03,30.36,5.7,3.89,0.65,5.52,0.76,0.79,0.93,10.37
11.16,5593,2.92,30.33,20.8,45.95,64.4,4.25,1.55,7.8,0.57,21.43,1500,55.19,22.28,6.75,0.61,0.88,0.61,1.19,1.61,0.6,10.28
7.91,6113,2.52,29.89,15.97,51.62,68.3,4.25,1.84,8.71,0.52,16.38,1440,70.1,18.2,5.9,1.44,0.61,0.12,0.7,1.02,1.04,0.87
25.96,4909,7.04,46.47,6.77,39.72,69,4.84,1.36,16.98,0.54,7.28,1130,28.57,19.49,16.99,7.11,3.12,1.36,1.29,1.65,8.9,11.52
7.44,6184,1.75,28.31,17.77,52.17,69.7,4.25,1.69,5.45,0.82,18.09,1350,55.46,21.41,6.64,0.89,0.74,0.68,0.67,0.82,1.28,11.41
22.17,5172,9.52,45.54,6.34,38.6,69.9,4.99,1.12,16.95,0.03,7.01,1090,47.58,11,7.79,10.41,2.27,8.71,1.19,0.81,4.73,5.51
24.45,5237,8.25,43.53,5.19,43.03,71.8,5.08,1.71,15.07,0.69,5.66,1260,45.32,21.01,11.44,1.46,1.45,3.79,1.96,1.63,1.95,9.99
24.21,5111,8.39,45.22,5.02,41.37,71.6,4.96,1.64,15.5,0.82,5.48,1100,43.56,10.88,13.08,6.86,2.61,4.45,1.27,0.97,12.75,3.57
26.93,4668,7.17,46.14,9.68,37.01,65.4,4.67,1.33,17.32,0.86,10.43,1180,54.77,15.66,13.29,3.32,2.24,1.32,1.29,1.6,5.73,0.78
15.14,5847,4.66,42.98,11.34,41.02,70.9,5.35,1.21,10.14,0.51,11.89,1500,55.61,23.75,3.75,0.19,1.81,2.48,0.49,0.81,0.68,10.43
25.06,5219,10.55,43.27,4.84,41.34,72.2,4.81,1.06,16.36,0.16,5.41,1120,48.84,9.2,5.64,9.66,1.98,4.66,0.46,1.1,11.9,6.56
20.34,5360,8.64,48.25,5.08,38.02,70.7,4.92,1.13,17.67,0.02,5.56,1135,55.04,9.98,7.76,9.09,5.12,2.04,0.84,1.62,5.85,2.66
26.58,5169,7.5,44.53,4.31,43.65,71.3,4.81,0.96,18.02,0.25,4.66,1175,43.86,9.61,4.03,10.02,1.44,8.96,0.53,0.98,11.18,9.39
13.53,5863,4.76,41.11,12.58,41.55,69.8,5.21,1.53,9.54,0.71,13.21,1350,58.01,27.08,6.44,0.13,0.68,1.32,0.54,0.97,1.15,3.68
9.25,6016,2.72,30.11,18.72,48.45,67.6,4.25,1.94,6.38,0.59,19.24,1450,68.61,12.7,3.75,0.7,0.49,0.38,0.71,0.82,0.58,11.26
9.58,5805,3.47,38.79,16,41.74,65.2,4.74,1.01,12.17,0.31,16.58,1400,59.08,18.51,9.62,1.32,0.86,1.2,1.12,1.6,0.7,5.99
22.35,5088,8.29,46.93,6.5,38.28,69.5,4.86,1.15,17.35,0.05,7.09,1160,52.65,11.73,7.56,9.95,2.38,2.13,0.92,0.98,5.03,6.77
40.21,4009,8.58,52.87,3.4,35.14,70.3,4.98,1,19.85,0.15,3.72,1170,44.93,15.13,13.12,6.61,3.17,0.89,0.97,1.6,6.83,6.75
21.49,5251,10.63,42.95,5.87,40.54,70,4.9,1.2,17.28,0.05,6.57,1110,46.49,13,6.93,10.21,2.31,8.91,1.11,1.64,6.63,2.77
9.94,5766,3.32,28.65,19.83,48.2,68.5,4.19,1.62,4.6,0.58,20.51,1445,66.94,18.64,4.44,0.75,0.61,1.57,1.59,0.98,0.48,4
22.52,5183,11.42,45.8,5.9,36.89,69,4.87,1.11,18.21,0.15,6.66,1105,47.17,12.37,8.3,7.66,2.59,1.88,1.05,0.81,7.68,10.49
23.6,5180,14.66,42.77,4.84,37.74,71.5,4.97,1.53,15.37,0.96,5.67,1090,35.15,9.35,14.73,12.81,3.81,2.04,0.76,0.98,8.8,11.57
22.3,5319,10.91,43.66,5.45,39.98,69.1,4.75,1.52,17.95,0.57,6.12,1140,35.49,9.67,11.97,11.78,3.66,8.55,0.64,0.81,5.73,11.7
17.2,6103,9.08,43.06,5.19,42.67,74.2,5.21,1.44,12.52,0.92,5.71,1295,47.15,13.12,11.37,8.24,2.72,5.55,1.11,1.62,4.05,5.07
23.05,5438,11.26,45.25,3.42,40.08,71.6,4.92,1.5,17.9,0.22,3.85,1080,45.53,14.31,10.04,3.9,1.66,1.85,2.62,0.97,17.73,1.39
21.77,5026,8.56,46,9.48,35.96,65.7,4.61,1.01,18.3,0.01,10.37,1150,55.35,10.38,6.22,4.88,2.2,7.37,0.92,1.61,8.73,2.34
28.41,4568,12.4,44.61,8.76,34.23,66.1,4.63,1.32,17.14,0.81,10,1150,48.02,16.03,13.22,5.89,2.38,3.54,1.1,0.83,5.5,3.49
11.14,6050,2.47,30.61,16.95,49.97,71.7,4.49,1.58,4.34,0.51,17.38,1520,78.81,13.22,1.51,0.16,0.26,3.84,0.61,0.98,0.03,0.58
9.28,5801,2.9,29.61,19.92,47.57,65.7,4.13,1.65,7.49,0.52,20.51,1460,69.01,15.65,3.91,0.65,0.68,4.47,1.1,0.96,1.2,2.37
24.71,5044,10.24,48.95,5.04,35.77,69.2,4.79,1.17,19.14,0.08,5.61,1100,39,13.64,0.94,9.48,3.89,20.6,1.05,1.6,7.68,2.12
24.97,5274,9.95,43.86,3.88,42.32,71.8,4.81,0.88,17.96,0.24,4.31,1190,37.72,12.33,4.22,11.9,2.59,14.29,0.7,0.82,11.1,4.33
8.07,6203,2.08,31.69,17.95,48.28,69,4.41,1.51,6.28,0.47,18.33,1500,62.38,20.92,2.46,1.38,0.74,2.78,2.5,0.96,1.45,4.43
23.96,5161,7.4,46.28,10.4,35.92,68,5.09,1.08,14.14,0.46,11.23,1400,53.14,21.66,7.82,3.49,1.35,2.48,0.5,1.64,4.23,3.69
7.78,6266,3.42,32.65,14.85,49.07,71.7,4.67,2.23,5.64,0.38,15.38,1520,66.39,18.46,2.57,0.33,0.73,1.26,2.66,0.82,0.3,6.48
26.74,5041,13.85,38.06,4.66,43.43,72.4,4.78,0.96,16.34,0.11,5.41,1170,36.43,9.56,4.74,17.09,3.73,3.14,0.37,0.99,9.95,14
9.09,6068,3.02,29.98,17.52,49.49,69,4.26,1.86,6.28,0.53,18.07,1435,71.51,15.83,2.89,0.52,0.57,3.14,1.14,0.98,0.23,3.19
31.5,4520,13.61,48.51,2.98,34.9,70.4,4.91,1.02,20.2,0.02,3.45,1265,37.46,5.13,17.68,15.55,7.2,2.74,0.46,0.83,9.45,3.5
8.2,6231,2.56,28.58,14.11,54.75,71.4,3.96,1.89,8.14,0.13,14.48,1420,44.34,24.48,1.16,2.85,1.41,0.36,0.39,1.6,5.93,17.48
8.63,5958,2.84,28.87,20.09,48.2,68.4,4.15,1.79,4.45,0.53,20.68,1450,68.84,17.12,4.09,0.73,0.65,2.95,1,0.99,0.7,2.93
23.48,5174,10.43,43.95,6.19,39.43,70.1,4.85,1.59,15.63,0.92,6.91,1145,42.26,24.76,15.49,2.21,1.16,2.19,1.7,1.62,8.2,0.41
13.49,5539,4.94,31.28,16.45,47.33,66.7,3.64,1.34,10.76,0.25,17.3,1345,52.45,15.13,9.57,5.63,2.33,6,1.34,0.81,1.5,5.24
34.16,4387,15.93,46.76,3.27,34.04,68.9,4.68,1.25,21.22,0.06,3.89,1170,55.94,16.67,10.35,2.27,0.8,2.37,0.71,0.81,7.68,2.4
28.43,4889,13.23,43.9,5.64,37.23,68.6,4.83,1.33,18.05,0.69,6.5,1340,58.64,18.58,7.79,3.57,1.24,1.06,0.58,0.99,2.83,4.72
11.84,6078,4.1,30.13,13.35,52.42,70.7,4.28,1.59,9.1,0.41,13.92,1225,59.89,10.07,13.83,4.75,1.75,2.1,0.65,0.96,4.8,1.2
28.91,4691,14.87,44.54,7.23,33.36,72.3,5.06,1.28,12.17,0.69,8.49,1170,54.07,17.06,11.74,4.07,1.83,2.34,1.12,1.61,3.8,2.36
21.26,5410,9.4,46.33,5.72,38.55,72.3,5.17,1.43,14.34,0.45,6.31,1100,44.69,10.81,9.7,10.13,2.69,12.23,0.89,0.97,5.8,2.09
11.31,6055,2.5,30.95,16.69,49.86,70.1,4.53,1.51,6.23,0.52,17.12,1520,77.69,12.16,0.45,0.13,0.15,3.8,0.33,0.99,0.3,4
24.12,5060,11.94,46.99,6.73,37.34,69.6,4.91,1.17,16.67,0.01,7.64,1140,37.17,12.64,5.35,9.18,2.38,9.38,1.02,0.96,19.1,2.82
9.2,6060,2.24,31.14,19.12,47.5,68.2,4.47,1.52,5.35,0.9,19.56,1480,77.57,12.81,2.51,0.62,0.62,2.08,0.6,0.8,0.43,1.96
9.89,5723,2.34,29.43,22.1,46.13,67.3,4.27,1.47,3.91,0.42,22.63,1410,74.89,13.62,2.59,1,0.54,2.35,0.85,0.82,1.18,2.16
22.68,5187,9.78,46.61,5.93,37.68,69.9,4.88,1.14,17.35,0.16,6.57,1140,56.16,11.83,5.76,6.87,2.11,7.44,0.98,1.64,6.1,1.11
39.52,4054,16.44,48.24,3.36,31.95,72.3,5.1,0.87,17.58,0.13,4.02,1160,44.77,13.23,20.19,3.1,2.3,1.14,0.4,1.64,12.15,1.08
22.94,5196,9.56,44.81,6.39,39.24,68.6,4.78,1.12,18.27,0.16,7.07,1150,63.53,10.82,5.6,2.44,1.71,6.16,0.89,0.95,5.23,2.67
29.35,4425,10.86,44.59,9.07,35.48,64.8,4.47,1.18,18.34,1.04,10.18,1140,56.87,15.66,11.55,2.74,1.53,5.45,1.05,0.97,4.05,0.13
10.22,5873,3.7,29.29,20.56,46.45,67.7,4.2,1.57,4.58,0.6,21.35,1460,76.13,13.06,2.39,0.82,0.4,1.25,0.51,1.64,1.3,2.5
24.35,5215,12.59,42.88,4.35,40.18,70.6,4.85,1.43,17.46,0.68,4.98,1210,47.48,8.24,9.84,2.58,1.86,4.17,0.78,0.8,11.73,12.52
26.95,4823,9.28,44.35,7.48,38.89,67.4,4.73,1.53,17.42,0.68,8.25,1260,60.55,12.46,11.75,2.1,0.83,1.3,1.23,0.8,7.98,1
10.87,6089,2.29,31.43,16.66,49.62,67.2,4.3,1.58,9.36,0.51,17.05,1520,84.36,11.12,0.5,0.17,0.16,0.84,0.29,0.82,0.23,1.51
12.5,5810,3.76,31.52,16.45,48.27,70,4.46,1.83,6.1,0.52,17.09,1445,70.22,12.69,1.92,0.54,0.3,2.27,1.95,0.81,0.63,8.67
28.23,5019,14.44,41.95,4.96,38.65,71,4.71,0.95,17.3,0.25,5.8,1140,42.36,13.45,3.61,10.08,2.36,14.81,0.85,0.98,9.58,1.92
21.65,5192,10.47,44.64,5.58,39.3,71.7,4.99,1.44,15.62,0.02,6.23,1110,47.07,6.26,8.79,3.63,1.11,6.95,0.69,0.8,8.55,16.15
40.12,4027,14.54,49.24,1.92,34.3,71.7,5.03,1.18,19.71,0.14,2.25,1140,44.77,13.23,20.19,3.1,2.3,1.14,0.4,1.64,12.15,1.08
25.56,4942,12.45,43.52,6.4,37.62,69.6,4.96,1.89,15.39,0.85,7.31,1185,57.45,23.55,4.84,0.86,0.7,2.71,1.73,1.64,2.35,4.17
9.73,6079,1.3,17.25,19.73,61.72,70.6,3.62,1.51,4.05,0.23,19.99,1355,56.03,19.15,13.6,2.05,0.94,2.23,1.67,0.95,2.8,0.58
21.33,5165,9,45.46,6.35,39.19,69.1,4.84,1.26,17.7,0.12,6.98,1100,52.87,7.48,9.06,3.8,2.23,14.09,0.75,0.99,4.85,3.88
24.54,5067,8.95,43.28,5.61,42.17,70.6,4.48,1.48,16.38,0.9,6.16,1160,57.15,20.39,13.3,2.12,1.62,1.87,1.24,0.8,0.23,1.28
13.33,6334,2.48,29.11,11.37,57.03,76,4.4,1.14,6.45,0.35,11.66,1330,64,22.82,2.81,1,0.96,4.36,0.87,1.63,1.3,0.25
38.24,4111,15.57,46.41,2.73,35.29,70,4.79,0.96,20.82,0.19,3.23,1240,42.93,10.72,17.42,2.98,1.81,0.25,0.48,1.64,3.35,18.42
23.93,4925,10.07,46.03,6.72,37.18,67.2,4.86,1.32,18.17,0.98,7.47,1130,55.96,16.81,14.59,2.5,1.43,2.2,0.93,0.97,4.35,0.26
7.17,6536,2.37,35.32,12.68,49.62,72.1,4.76,1.52,8.1,0.53,12.99,1350,59.06,23.92,4.04,1.05,1.23,2.01,0.54,0.82,4.38,2.95
8.07,6100,2.47,26.67,17.01,53.85,70.5,3.81,1.64,6.31,0.3,17.44,1410,64.45,22.08,2.25,0.62,0.75,1.51,0.24,1.61,4.48,2.01
10.32,6163,2.68,31.78,16.23,48.32,69.9,4.52,1.84,6.49,0.57,16.68,1430,73.72,13.03,4.89,0.48,0.5,1.55,0.63,0.97,0.35,3.88
39.13,4074,9.75,51.1,2.87,36.28,69.9,4.94,0.82,21,0.16,3.18,1170,49.26,9.41,18.81,3.13,3.9,1.51,0.37,1.64,11.03,0.94
25.54,4815,8.73,46.39,8.9,35.98,66,4.71,1.17,17.81,0.56,9.75,1190,46.4,16.02,9.12,2.83,2.2,0.89,1.55,0.83,5.4,14.76
23.83,4849,10.11,45.17,6.8,37.93,65.6,4.71,1.34,19.49,1.3,7.56,1320,57.63,18.77,12.38,1.61,0.89,3.57,1.7,0.82,1.55,1.08
21.47,5318,12.78,42.85,5.64,38.73,70.4,5.23,1.11,16.8,0,6.47,1120,58.34,9.48,7.66,3.99,0.97,8.89,0.69,0.81,8.53,0.64
17.13,5846,6.22,34.47,9.82,49.49,72.5,4.71,2.12,9.69,0.5,10.47,1450,56.8,22.31,12.01,1.47,0.42,3.85,0.25,1.64,1,0.25
7.97,6284,2.61,34.68,13.98,48.44,71.9,4.87,1.66,6.68,0.53,14.35,1410,57.01,22.12,4.49,0.97,0.8,3.01,0.43,0.81,5.58,4.78
10.64,5650,2.78,28.98,17.53,50.71,69.1,3.86,1.3,7.52,0.18,18.03,1290,47.78,23.55,10.66,2.2,1.37,0.59,0.77,0.81,2.4,9.87
24.77,4738,14.41,43.47,9.99,32.14,67.6,4.88,1.11,13.88,0.86,11.67,1360,53.83,24.6,7.58,1.37,0.93,2.44,1.1,1.63,3.95,2.57
22.53,5163,16.87,40.97,6.22,35.94,69.4,4.84,1.13,16.95,0.2,7.48,1210,44.26,15,6.2,12.46,3.09,9.82,1.23,0.96,5.35,1.63
38.48,4132,23.74,46.12,1.78,28.36,70.8,5.11,1.1,20.49,0.17,2.33,1160,42.06,15.91,14.21,5.75,4.88,3.98,0.41,0.81,10.55,1.44
10.74,5721,5.31,29.4,17.62,47.67,67.7,4.01,1.65,7.75,0.28,18.61,1280,55.39,22.11,6.58,2.13,1.05,4.27,0.78,1.65,3.23,2.81
28.37,4638,16.05,46.4,7.27,30.27,66.7,4.94,1.03,18.05,0.62,8.66,1180,51.9,18.84,14.09,4.4,2.28,3.7,0.85,0.96,1.65,1.33
25.07,5265,17.4,40.7,3.73,38.16,72.5,4.97,0.95,16.81,0.26,4.52,1170,40.55,12.14,3.78,18.38,3.81,7.47,0.57,1.65,8.03,3.62
26.56,5103,15.92,41.03,4.49,38.56,72,4.96,0.74,16.55,0.41,5.34,1140,45.15,12.89,3.36,12.7,2.83,6.49,0.77,0.8,2.18,12.83
25.33,4834,13.43,42.06,7.16,37.35,64.6,4.6,1.37,20.22,0.94,8.27,1180,53.43,21.42,11.76,2.03,1.47,3.77,1.73,0.82,0.18,3.39
6.24,6326,1.85,21.17,18.83,58.15,72.6,4.01,1.56,2.03,0.62,19.18,1520,67.94,19.34,2.88,0.19,0.37,4.74,0.49,0.81,0.43,2.81
41.82,3843,14.15,51.53,3.72,30.6,69.4,5.07,1.34,19.59,0.26,4.33,1170,47.21,13.78,16.73,6.24,3.97,2.64,0.73,1.61,6.35,0.74
22.24,5244,13.57,44.94,5.01,36.49,69.3,4.84,1.29,18.67,0.1,5.8,1180,50.64,15.92,8.68,6.15,2.55,3.36,0.99,0.98,9.4,1.33
22.95,4995,16.51,43.22,7.19,33.09,65.7,4.64,1.28,19.64,0.13,8.61,1130,47.09,11.4,15.94,7.19,1.86,3.84,0.86,0.83,8.8,2.19
8.12,5872,3.2,29.43,21.25,46.12,64.3,4.16,1.46,7.64,0.48,21.95,1520,71.3,11.49,1.93,0.12,0.26,0.26,0.92,1.64,0.15,5.93
17.28,5570,15.02,44.16,6.08,34.74,68,4.91,1,18.58,0.36,7.15,1160,56.1,17.48,11.07,5.11,2.57,2.3,1.31,0.99,2.7,0.37
38.68,4071,19.06,46.35,2.83,31.76,69.3,4.83,1.3,20.84,0.23,3.5,1170,43.13,16.51,24.57,5.52,2.98,0.77,0.49,1.61,3.03,1.39
20.96,5209,10.71,47.5,8.24,33.55,67.3,5.16,0.33,16.45,1.54,9.23,1160,52.47,18.39,15.83,2.1,1.84,0.58,1.38,0.81,0.55,6.05
19.09,5307,13.56,42.6,8.89,34.96,67.9,5,0.86,14.78,1.17,10.28,1370,54.27,20.49,8.91,2.14,1.43,5.86,1.31,1.1,0.95,3.54
19.92,5332,14.69,45.59,5.75,33.97,69.3,5.09,0.8,18.01,0.05,6.74,1120,46.37,16.47,5.82,9.53,3.98,5.81,1.04,1.63,8.65,0.7
23.5,5268,15.06,42.07,6.61,36.26,70,4.97,1.42,14.87,0.96,7.78,1370,52.98,20.68,14.66,1.77,1.3,3.77,1.38,0.98,2.08,0.4
9.77,61.96,3.91,32.48,15.48,48.14,70.8,4.53,1.59,6.4,0.57,16.11,1520,75.35,14.38,0.15,0.05,0.14,3.07,0.39,0.81,0.03,5.63
7.79,6539,2.77,26.79,14.64,55.8,72.2,4.2,1.53,6.5,0.51,15.06,1250,64.28,19.32,1.53,1.82,0.85,2.91,3.69,1.61,0.95,3.04
25.69,5009,16.96,46.87,2.36,33.81,71.6,5.09,1.07,19.31,0.09,2.84,1150,56.36,10.58,2.31,10.88,4.14,2.76,0.75,0.99,6.65,4.58
11.24,5884,7.11,44.74,12.39,35.75,67,5.2,1.25,12.37,0.84,13.34,1450,52.47,32.5,1.28,0.75,1.03,6.66,0.53,1.63,0.18,2.97
25.13,5107,14.5,46.29,2.79,36.41,71.4,5.03,0.8,19.4,0.11,3.26,1180,46.64,14.43,2.2,10.3,10.83,5.57,1.04,0.82,6.38,1.79
11.24,5538,5.96,27.34,18.34,48.36,68.8,3.61,1.24,6.65,0.2,19.5,1300,47.61,22.56,7.29,2.49,1.18,3.78,0.63,1.1,2.03,11.33
10.94,6520,3.07,25.55,11.29,57.09,76.4,4.2,0.98,6.47,0.31,11.65,1370,62.41,23.37,0.86,1.15,1,4.65,1,1.61,2.48,1.47
22.05,5170,16.07,45.08,5.45,33.39,68.3,5.25,0.99,18.91,0.05,6.49,1140,45.72,18.36,4.72,7.88,2.54,5.53,1.18,0.82,5.58,7.67
9.89,5762,2.94,29.81,20.88,46.37,67.9,4.36,1.73,4.01,0.48,21.51,1450,73.91,15.12,0.42,0.46,0.51,3.58,1.17,0.98,0.25,3.6
7.76,6070,3.4,31.9,18.69,46.01,68.6,4.63,2.4,4.59,0.43,19.35,1520,52.12,24.71,2.08,0.15,0.83,2.71,2.59,0.81,0.25,13.75
20.96,5175,15.93,44.29,6.78,33,66.1,5.08,1.02,19.65,0.08,8.06,1240,45.82,18.47,5.46,8.3,3.76,9.3,1.08,0.81,4.38,2.62
6.77,6230,2.1,21.1,19.35,57.45,68.5,3.69,1.44,6.14,0.47,19.77,1520,65.97,21.13,3.91,0.08,0.41,2.74,0.34,0.82,0.3,4.3
9.68,5762,3.28,30.06,21.43,45.23,65.3,4.53,1.52,6.03,0.46,22.16,1450,63.12,18.93,1.48,0.29,0.49,3.91,1.5,1.63,0.28,8.37
24.93,5202,18.65,39.81,4.81,36.73,72.7,5.31,0.92,14.87,0.29,5.91,1120,49.55,13.43,4.51,8.97,2.53,9.93,0.5,0.8,7.05,2.73
20.88,5505,15.44,40.36,5.38,38.83,73.6,5.06,0.74,14,0.24,6.36,1260,54.49,17.57,3.42,5.08,2.98,6.75,0.32,0.8,7.95,0.64
21.31,5211,14.94,48.14,5.83,31.09,69.8,5.03,1.01,17.18,0.12,6.85,1120,51.95,12.62,6.5,13.08,2.34,7.63,0.8,0.81,2.8,1.47
24.68,4764,16.29,42.04,9.36,32.31,67.2,4.87,0.92,15.33,0.5,11.18,1180,52.76,18.93,11.24,4.26,1.72,5.95,1.23,0.82,2.48,0.61
22.42,5035,17.49,43.39,7.49,31.63,67.8,4.83,0.89,17.33,0.07,9.08,1170,50.54,13.14,6.45,11.97,3.64,7.61,1.03,1.64,3.58,0.4
10.31,6304,4.95,31.49,13.05,50.52,74.5,4.5,1.52,5.33,0.42,13.73,1300,57.5,21.24,8.77,1.54,1.02,3.5,2.56,0.97,0.35,2.55
27.72,4624,19.69,46.03,8.47,25.81,65.8,4.86,1,17.28,0.51,10.55,1110,48.2,17.18,14.17,4.31,2.94,3.1,0.95,1.61,6.53,1.01
9.07,6449,4.12,34.58,10.8,50.5,73.4,4.66,1.97,8.45,0.25,11.26,1230,64.89,11.4,8.69,1.9,1.31,2.08,0.88,0.81,2.1,5.94
24.57,5239,16.18,44.38,4.35,35.09,72.1,5.01,0.7,16.73,0.27,5.19,1160,50.93,12.14,4.26,12.43,3.86,8.01,0.58,1.1,6.48,0.21
21.71,5161,14.68,44.74,6.19,34.39,68.2,4.92,1.16,18.29,0.18,7.26,1150,51.01,12.44,6.13,12.05,2.31,8.31,1.22,1.62,3.15,1.76
9.04,6142,3.54,33.76,16.56,46.14,68.5,4.71,1.62,7.26,0.74,17.17,1520,58.33,20.22,5.72,0.23,0.84,0.55,1.2,0.98,0.33,11.6
21.91,5315,12.1,43.62,5.13,39.16,70.55,5.1,1.75,15.85,0.92,5.84,1100,50.91,14.8,8.39,6.61,2.59,7.1,1.14,1.61,6.53,0.32
9.87,6128,1.87,18.49,18.8,60.84,74.5,3.72,1.35,0.96,0.31,19.16,1360,60.33,24.75,4.53,1.56,1.12,2.21,1.47,1.61,1.88,0.54
20.83,5164,12.92,44.96,6.9,35.22,67.1,4.99,1.07,18.75,0.16,7.92,1210,53.73,17.74,4.94,6.18,2.21,8.5,1.28,1.63,2.95,0.84
23.55,5278,14.46,43.86,4.44,37.23,70.6,5.09,1.77,16.19,1.16,5.19,1100,43.82,13.96,13.19,9.34,3.5,6.44,1.22,0.82,1.58,6.13
25.1,5232,13.42,42.6,4.04,39.94,72.6,5.17,0.55,16.71,0.3,4.67,1140,46.01,11.62,3.83,13.67,3.3,8.89,0.8,0.81,7.8,3.27
19.75,5607,13.89,37.85,6.18,42.08,73.5,4.72,1.11,13.16,0.33,7.18,1280,56.91,19.45,3.2,5.05,2.37,4.75,0.54,1.64,5.73,0.36
8.41,5977,3.68,28.32,13.21,51.79,70.2,4.09,1.45,6.87,0.57,16.83,1350,47.78,23.89,3.94,4.91,1.62,2,0.48,1.61,4.6,9.17
25.02,5022,15.22,43.1,7.6,34.08,74.5,4.71,1.31,9.46,1.06,8.96,1150,52.51,17.36,12.61,2.9,1.94,2.41,1.44,0.97,0.63,7.23
38.32,3758,15.07,48.03,9.23,27.67,68.3,4.54,0.84,15.27,0.18,10.87,1360,55.26,19.92,7.58,1.65,1.37,1.43,1.01,1.65,0.48,9.65
10.46,6598,3.19,28.76,11.24,56.81,78,4.33,1.23,4.47,0.36,11.61,1340,61.89,23.35,2.92,0.65,0.99,3.07,1.23,1.61,1.68,2.61
22.13,5117,11.56,44.2,6.7,37.54,68.7,4.7,1.23,17.67,0.13,7.58,1170,50.31,21.28,8.31,5.31,2.31,2.37,1.35,0.82,3.68,4.26
10.98,6068,2.94,30.93,16.83,49.3,69.7,4.29,1.3,7.09,0.28,17.34,1520,60.69,24.87,0.83,0.04,0.15,4.08,0.47,1.21,3.55,4.11
25.8,4910,15.37,43.63,5.81,35.19,68.4,4.61,1.27,18.51,0.34,6.87,1120,45.49,19.26,9.34,3.85,2.68,3.57,1.1,1.62,6.45,6.64
11.75,5841,4.91,26.9,17.43,50.75,68.5,3.97,1.24,7.2,0.76,18.33,1170,52.65,19.93,8.82,2.29,1.38,2.78,0.98,1.22,0.28,9.67
40.11,3963,28.3,42.24,2.4,27.06,70.16,4.74,0.91,20.66,0.18,3.35,1210,40.86,19.85,13.19,4.36,4.39,1.33,0.61,1.65,9.25,4.51
21.72,5238,12.12,45.99,5.92,35.97,69.7,4.71,1.07,17.34,0.44,6.74,1100,48.02,14.95,8.93,5.61,2.89,3.44,0.87,1.62,13.63,0.04
26.81,4850,11.22,44.36,7.01,37.41,67.42,4.71,1.1,17.63,1.25,7.9,1180,51.13,22.86,10.73,1.7,2.2,3.39,1.85,1.2,2.6,2.34
7.93,5932,2.83,28.12,17.88,51.17,69.14,3.92,1.27,6.83,0.44,18.4,1330,40.12,25.98,10.84,6.68,1.19,1.39,0.41,0.82,2.6,9.97
14.75,5517,7.63,40.04,12.42,39.91,66.4,4.44,1.21,14.1,0.41,13.45,1230,51.54,16,6.89,7.63,1.35,0.66,0.5,1.23,5.5,8.7
23.43,5104,10.88,46.32,7.08,35.72,67.1,4.55,1.1,19.16,0.14,7.94,1160,45.25,16.62,11.01,9.4,2.41,3.16,1.15,0.82,4.68,5.5
8.41,5762,2.81,31.58,17.43,48.17,67,4.28,1.31,8.99,0.48,17.93,1520,48.99,22.85,8.38,0.75,0.96,4.56,1.76,1.22,4.5,6.03
22.5,5098,12.68,44.7,6.82,35.79,67.7,4.58,1.11,18.66,0.14,7.81,1150,49.73,17.26,13.8,3.14,3.03,3.5,1.12,0.82,0.23,7.37
12.22,5933,2.61,31.8,17.53,48.06,69.1,4.39,1.32,6.67,0.52,18,1520,57.4,28.65,2.97,0.81,0.11,0.35,0.25,1.24,0.25,7.97
39.95,4011,22.71,45.68,2.35,29.26,69.9,5.05,1.17,20.61,0.23,3.04,1110,26.64,22.54,22.82,13.02,4.6,1.55,0.33,0.83,2.38,5.29
21.09,5176,11.8,46.05,6.73,35.41,68.1,4.67,1.08,18.32,0.2,7.63,1170,51.36,14.95,10.42,10.09,1.62,2.81,1.14,0.83,0.13,6.65
6.75,6248,2.94,28.95,14.69,53.42,71,4.05,1.44,7.95,0.43,15.13,1310,36.7,27.06,15.85,4.78,2.81,0.21,0.53,0.81,2.25,9
27.7,4790,7.96,45.69,8.05,38.3,71.1,4.66,1.3,13.63,0.56,8.75,1150,30.75,19.2,18.9,7.58,2.97,0.27,0.92,0.81,2.13,16.47
10.49,5685,3.15,26.09,17.94,52.82,69.3,3.68,1.2,6.99,0.3,18.52,1340,41.43,23.78,17.56,1.08,1.47,0.15,0.66,1.25,1.98,10.64
22.11,5150,9.64,44.61,8.57,37.18,68,4.65,1.15,16.53,0.19,9.48,1180,43.37,21.81,11.21,9.57,2.55,1.37,1.26,1.21,0.18,7.47
14.72,5514,4.65,43.6,15.65,36.1,64.4,4.9,1.15,12.65,0.47,16.41,1520,39.72,28.52,10.01,5.3,0.96,0.28,0.61,0.82,4.75,9.03
20.32,5658,11.14,37.05,6.19,45.63,73.2,4.65,1.28,13.56,0.35,6.97,1290,38.23,24.78,11.6,6.19,3.74,3.08,0.45,0.8,1.88,9.25
11.6,5834,4.56,38.76,11.9,44.77,68.8,4.35,0.92,13.34,0.12,12.47,1230,53.16,16.78,5.53,8.71,1.66,0.57,1.04,1.48,5.58,5.49
8.91,5859,2.92,29.87,16.99,50.21,68.9,3.96,1.83,7.52,0.29,17.5,1380,46.37,27.15,4.53,5.25,1.34,0.16,0.43,1.39,7.93,5.45
21.01,5108,14.22,41.92,11.09,32.77,66.9,4.64,1.12,14.33,0.08,12.93,1230,50.89,18.9,10.74,6.05,2.1,1.74,1.47,2.44,4.33,1.34
25.55,5110,11.59,38.97,7.56,41.89,70.9,4.69,0.92,14.76,0.17,8.55,1170,48.15,16.28,4.2,8.05,2.54,6.42,0.78,0.86,8.85,3.87
9.64,5725,2.22,29.77,22.03,45.97,67.7,4.11,1.57,3.65,0.44,22.53,1440,65.98,20.44,2.37,0.8,0.67,0.73,1,1.62,0.23,6.16
38.1,4140,13.6,44.27,4.28,37.86,68.6,4.79,0.91,20.61,0.14,4.95,1180,41.48,18.86,13.54,5.28,3.08,0.21,0.97,1.25,6.2,9.13
8.82,5457,3.16,30.51,22.83,43.5,64.7,3.93,1.49,5.94,0.36,23.57,1520,66.51,19.6,4.23,0.91,0.72,0.24,0.98,0.83,0.63,5.35
23.63,4875,8.02,43.97,10.09,37.92,65.1,4.54,1.17,17.76,0.46,10.97,1210,40.71,20.53,13.53,5.29,2.25,0.22,1.35,0.86,6.65,8.61
17.6,5852,6.43,42.27,6.68,44.62,71.4,5.04,1.44,13.72,1.26,7.14,1180,46.72,25.17,14.25,2.82,1.61,0.7,2.03,0.86,3.2,2.64
19.08,5639,11.38,43.01,7.53,38.08,69.8,4.85,1.66,14.7,0.49,8.5,1140,45.23,20.87,6.94,3.97,2.1,2.24,1.77,1.04,5.75,10.09
20.59,5170,6.09,38.24,10.85,44.82,69.7,4.48,1.36,12.54,0.36,11.55,1230,64.17,13.16,5.23,3.07,1.22,0.43,0.94,1.66,5.38,4.74
9.16,6104,2.32,30.48,17.06,50.15,69.2,4.25,1.68,6.87,0.53,17.47,1520,69.22,20.16,2.75,0.71,0.47,0.19,0.88,1.8,1.2,2.62
16.05,5679,3.64,26.62,14.41,55.33,72.2,3.86,1.41,7.27,0.3,14.95,1340,43.79,26.37,14.82,1.96,1.53,0.33,0.68,0.81,1.23,8.48
9.27,5925,1.84,31.15,19.79,47.21,68.2,4.14,1.65,5.16,0.69,20.16,1520,54.82,22.15,4.57,3.99,1.22,0.14,0.65,1.67,3.6,7.19
24.03,5271,13.37,39.9,4.2,42.53,71.2,4.94,1.57,16.5,0.94,4.85,1170,31.66,20.04,21.85,6.2,3.2,0.23,1.11,1.71,7.78,6.22
21.73,5273,10.6,41.22,6.52,41.67,69.3,4.67,1.42,17,0.32,7.29,1180,38.73,18.82,10.63,7.03,4.06,0.96,1.21,1.23,11.95,5.38
20.53,5398,9.78,43.35,6.04,40.84,70.9,4.96,1.55,14.95,0.94,6.69,1150,45.25,19.65,13.25,3.65,1.97,0.32,1.29,1.23,4.63,8.76
9.61,5506,4.34,29.86,21.02,44.79,63.7,4.15,1.56,8.21,0.4,21.97,1500,67.19,21.64,3.56,1.01,0.83,0.17,0.72,1.25,1.23,2.4
20.22,5479,9.68,42.39,5.45,42.48,70.5,5.07,1.29,16.94,0.17,6.03,1110,36.87,16.55,6.48,11.22,3.62,4.39,1.16,1.67,10.9,7.14
21.79,5317,10.77,41.83,6.24,41.16,69.8,5,1.51,16.17,0.53,6.99,1180,46.82,18.51,11.06,5.79,3.66,0.69,1.77,1.67,5.85,4.18
10.73,5994,3.07,31.94,14.76,50.23,69.5,4.32,1.64,8.78,0.54,15.23,1440,50.15,31.2,9.54,2.1,0.87,0.17,0.52,0.83,2.73,1.89
22.11,5116,8.89,43.91,7.64,39.56,67.6,4.86,1.19,17.86,0.1,8.39,1190,37.75,23.1,7.99,8.13,2.82,2.4,0.99,2.5,6.75,7.57
16.59,5106,7.52,26.74,15.41,50.32,66.4,3.58,1.01,12.16,0.19,16.66,1450,38.88,30.49,14.86,1.77,1.24,0.2,0.18,0.83,1.98,9.57
21.9,5174,11.37,40.21,9.69,38.73,67.1,4.78,1.18,14.91,1.09,10.93,1210,49.79,21.59,13.25,2.22,1.48,0.25,1.08,1.63,2.75,5.96
10.04,6112,3.25,35.71,11.55,49.49,70.2,4.41,0.96,12.37,0.12,11.94,1200,55.2,18.89,4.58,6.24,1.6,0.58,1.09,1.68,5.03,5.11
21.29,5342,12.05,39.91,5.48,42.56,70.3,4.86,1.56,16.23,0.82,6.23,1180,43.82,21.01,13.85,4.08,2.11,0.38,1.31,1.22,5.88,6.34
39.35,4076,16.14,43.91,2.82,37.13,70.4,4.9,0.87,20.23,0.24,3.36,1250,30.54,25.19,16.7,4.98,3.13,0.18,0.5,1.21,8.03,9.54
21.58,5111,9.31,42.71,8.49,39.49,68,4.86,1.14,16.54,0.1,9.36,1140,41.27,20.58,7.65,7.72,2.87,3.2,1.19,2.4,7.58,5.54
19.47,5457,9.08,43.64,5.44,41.83,70.7,4.94,1.62,15.97,0.78,5.98,1160,41.76,21.39,13.21,3.92,2.22,0.36,1.3,1.24,5.6,9
10.37,5810,2.21,30.42,19.38,47.99,66.7,4.14,1.59,7.51,0.24,19.82,1340,59.94,23.44,3.85,2.34,0.71,0.37,0.53,1.61,2.8,4.41
9.86,6216,2.65,23.62,15.95,57.79,72.3,4.11,1.53,5.28,0.4,16.38,1220,55.95,20.49,8.36,2.76,1.17,0.43,0.66,1.74,1.55,6.89
39.77,3947,17.89,41.66,4,36.46,69.1,4.93,0.78,20,0.32,4.87,1200,43.69,23.31,13.25,3.37,2.1,0.12,0.58,1.21,4.93,7.44
21.4,5272,14.07,42.06,5.53,38.34,68.9,4.93,1.25,18.39,0.1,6.44,1110,35.44,21,8,9.98,3.12,4.17,1.16,2.44,5.28,9.41
25.44,4923,17.98,38.64,6.6,36.78,68.6,4.87,1.25,16.08,1.15,8.05,1160,51.54,20.45,14.07,3.22,2.17,0.17,1.38,1.24,3.63,2.13
25.75,4887,13.49,40.17,7.79,38.55,67.2,4.74,1.39,16.9,0.76,9,1140,54.72,17.75,14.91,2.64,1.74,0.23,1.16,1.21,2.48,3.16
39.7,3985,17.71,42.41,3.07,36.81,69.5,4.85,0.94,20.67,0.31,3.73,1220,41.88,22.72,14.84,4.54,2.95,0.27,0.71,1.24,6.25,4.6
24.02,5208,10.81,40.63,5.15,43.41,70.1,5.15,1.54,15.85,1.62,5.77,1100,34.79,21.64,24.85,3.26,2.07,0.21,1.04,1.71,2.7,7.73
25.5,5119,13.06,38.79,6.05,42.11,69.4,5,1.54,16.11,0.99,6.96,1140,44.32,23.78,12.74,2.41,1.59,0.17,1.51,1.23,2.15,10.1
20.68,5342,13.67,41.36,7.9,37.06,67.6,4.84,1.18,17.08,0.15,9.15,1150,38.97,18.08,11.33,9.65,2.56,2.56,1.1,2.48,7,6.27
13.45,6228,5.79,29,9.36,55.84,75.1,4.31,1.69,8.55,0.41,9.94,1520,53.9,31.52,2.13,0.1,0.32,0.16,0.6,1.77,0.2,9.3
7.71,6238,2.81,27.39,14.86,54.94,70.9,3.83,1.9,7.82,0.26,15.29,1310,44.49,27.45,6.96,5.16,1.97,0.16,0.48,1.77,5.5,6.06
20.47,5159,13.44,41.41,8.73,36.42,67.4,4.89,1.16,16.39,0.07,10.09,1210,42.98,21.02,6.25,9.37,2.68,3.02,1.42,2.48,4.8,5.98
10.2,5990,1.9,18.37,19.28,60.45,69.8,3.65,1.5,5.34,0.06,19.65,1340,47.13,28.08,4.42,6.37,1.68,0.4,1.87,1.23,3.35,5.47
11.6,5904,4.6,23.54,17.16,54.71,69.2,3.8,1.61,6.95,0.45,17.99,1260,52.67,21.28,8.9,3.43,1.58,0.89,1.24,1.62,2.8,5.59
25.02,5243,15.25,37.12,4.01,43.62,73.2,4.97,1,15.99,0.11,4.73,1190,27.88,16.5,4.37,21.08,3.49,12.46,0.6,0.82,8.28,4.52
38.79,4102,22.49,37.41,2.01,36.09,70.9,5.16,1.02,20.21,0.11,2.59,1250,37.47,21.33,18.94,7.14,4.03,0.19,0.4,1.4,6.35,2.75
12.63,6004,3.14,24.72,13.79,58.36,72.6,3.88,1.37,7.68,0.23,14.24,1350,52.03,27.9,12.83,2.21,1.98,0.39,0.95,0.83,0.85,0.03
38.58,4071,19.4,41.54,3.57,35.49,69.2,4.95,0.84,20.14,0.44,4.43,1220,46.95,20.07,13.5,5.51,2,0.11,0.58,1.24,5.48,4.56
21.2,5088,9.41,40.59,9.27,40.73,66.8,4.77,1.33,16.55,0.32,10.23,1170,65.52,14.17,6.41,3.92,1.82,1.05,1.53,1.22,2.28,2.08
26.2,4835,14.03,39.59,6.67,39.71,68.1,4.91,1.37,17.64,0.22,7.76,1160,51.36,13.95,7.2,6.65,2.77,0.33,1.12,1.62,6.98,8.02
15.59,6184,3.96,30.53,9.65,55.87,76.1,4.26,1.18,8.17,0.24,10.05,1310,62.24,20.04,1.41,3.51,0.92,0.91,0.65,1.22,2.4,6.7
21.11,5396,8.43,41.4,8.02,42.15,68.9,4.51,1.29,16.47,0.07,8.76,1190,50.91,14.56,5.45,8.82,2.38,0.44,1.24,1.65,7.13,7.42
26.49,5061,18.11,40.81,5.76,35.32,70.9,5.2,1.43,14.9,0.53,7.03,1220,58.26,18.53,3.96,3.48,2.49,0.71,1.61,1.64,1.35,7.97
7.89,5811,2.9,29.19,21.88,46.03,70.2,4.01,1.43,1.19,0.63,22.53,1500,84.79,8.27,0.32,1.16,0.43,0.18,0.49,0.82,0.78,2.76
9.45,6267,3.34,33.47,14.42,48.77,72.1,4.29,1.54,6.65,0.5,14.92,1300,60.37,16.8,2.25,8.59,0.62,0.11,0.4,1.63,7.1,2.13
25.19,5052,12.57,40.68,5.97,40.77,68.6,4.91,1.42,17.27,0.97,6.83,1120,55.35,9.8,8.49,8.23,2.75,1.89,0.91,1.66,9.9,1.02
24.21,5266,13.25,40.07,5.11,41.57,69.1,5.05,1.35,17.69,0.92,5.89,1120,59.3,14.51,10.6,4.49,2.12,0.23,1.3,0.99,6.18,0.28
20.11,5243,14.59,41.8,6.42,37.19,68.2,4.92,1.15,18.13,0.09,7.52,1160,45.53,13.62,5.37,16.92,3.24,4.66,1.11,2.87,5.45,1.23
24.32,5029,11.3,40.9,6.68,41.12,67.7,4.84,1.42,17.72,0.79,7.53,1150,55.35,15.73,16.41,4.91,2.19,0.15,1.1,0.41,3.25,0.5
7.41,6008,3.77,26.16,15.99,54.08,70.1,3.86,1.68,7.46,0.28,16.62,1350,59.79,22.84,1.57,4.06,1.33,0.11,0.55,0.81,5.23,3.71
26.53,4958,16.36,35.85,5.34,42.45,69.1,4.76,1,18.62,0.14,8.38,1140,53.72,11.23,2.92,17.1,4.53,1.3,0.31,0.83,7.23,0.83
25.84,5050,10.63,41.63,8.26,39.48,68.9,5.09,1.35,15.04,0.38,9.24,1280,67.45,20.14,3.42,1.7,1.62,0.28,1.74,0.98,0.73,1.94
8.55,6337,2.74,30.5,15.46,51.46,71.1,4.48,1.56,6.5,0.46,15.9,1520,71.31,19.28,0.07,0.4,0.2,0.18,1.21,0.9,0.68,5.77
11.49,5952,3.92,23.65,15.95,56.48,71.6,3.85,1.26,6.35,0.34,16.6,1340,55.61,22.19,11.33,1.66,1.24,0.28,0.91,0.82,0.98,4.98
38.85,4065,19.26,41.71,2.25,36.78,68.4,5.14,0.74,22.76,0.18,2.79,1220,43.6,16.84,15.39,9.14,3.45,0.15,0.37,0.97,9.78,0.31
26.07,5198,10.65,44.14,6.85,38.36,73.9,5.07,1.31,11.24,0.82,7.67,1150,46.65,14.52,11.86,9.22,2.29,0.51,1.69,0.83,9.53,2.9
14.08,6248,3.49,41.54,5.16,49.8,75.3,5.13,1.43,12.32,0.47,5.35,1230,62.69,18.1,5.96,4.26,1.65,3.05,1.3,0.83,0.48,1.68
16.77,4817,9.07,24.48,17.7,48.75,63.2,3.41,0.86,12.83,0.23,19.47,1470,46.94,26.26,9.68,1.46,1.12,0.23,0.28,0.75,1,12.28
12.96,6472,3.96,29.61,9.71,56.72,76.2,4.57,1.19,7.47,0.46,10.11,1350,59.74,30.32,1.06,1.18,0.94,0.69,0.52,1.24,1.68,2.63
10.59,6270,3.46,31.05,14.54,50.94,75.5,4.72,1.61,2.54,0.57,15.06,1500,61.66,29.74,1.07,0.46,0.05,0.06,0.05,1.12,0.23,5.56
9.41,6151,3.85,33.77,15.74,46.64,72.3,4.94,1.64,4.03,0.72,16.37,1480,53.84,29.83,7.34,0.85,0.61,0.26,1.05,3.08,0.63,2.51
26.6,4820,12.8,41.87,6.4,38.93,72.5,5.21,0.94,13.86,0.15,7.34,1140,48.76,25.52,10.8,4.85,2.42,0.16,0.62,0.76,6.08,0.03
35.14,4180,22.32,39.04,3.58,35.06,72.5,5.1,1.03,16.67,0.09,4.61,1160,46.07,10.45,12.49,15.54,6.11,0.17,0.68,0.6,7.33,0.56
8.01,6256,3.97,28.62,13.33,54.08,73.9,4.19,1.67,6.05,0.3,13.88,1340,51.87,14.58,7.84,8,5.25,0.29,0.71,0.82,8.35,2.29
25.48,5066,14.87,43.39,3.17,38.57,72.7,5.28,0.88,17.36,0.06,3.72,1170,50.91,25.26,9.75,4.91,1.54,0.39,0.41,0.9,4.73,1.2
11.59,6023,3.03,30.01,15.92,51.04,72.8,4.51,1.44,4.32,0.51,16.42,1270,74.53,16.94,1.38,0.24,0.16,0.11,0.48,1.15,0.33,4.68
9.09,6435,2.98,30.17,14.32,52.53,76.2,4.58,1.64,2.25,0.57,14.76,1270,56.06,21,5.92,4.28,0.01,0.19,0.69,1.52,7.68,2.95
24.22,5311,17.9,34.82,4.19,43.09,75.5,5.12,0.91,13.3,0.07,5.1,1170,35.11,16.64,3.33,15.18,2.74,8.31,0.34,0.54,19.33,0.46
22.82,5048,11.01,41.39,5.43,42.18,71.1,5.15,1.37,15.54,0.74,6.1,1170,49.95,22.27,13.57,4.3,2.1,0.21,1.07,1.97,4,0.56
21.14,5327,14.37,40.38,6.17,39.08,73.6,5.21,1.4,11.67,0.92,7.21,1150,49.77,18.78,10.2,5.15,2.07,1,1.25,1.21,7.63,2.94
12.74,6298,6.41,37.53,8.48,47.59,76.9,5.14,1.39,6.87,0.64,9.06,1220,61.49,20.29,6.66,1.88,2.15,1.09,2.33,0.75,2.33,1.03
27.74,4797,16.37,43.02,3.77,36.84,72.6,5.12,0.98,16.69,0.11,4.51,1140,54.55,13.4,11.07,6.13,3.98,0.28,0.55,1.09,7.38,1.57
23.86,5346,8.38,41.52,8.63,41.48,74.8,5.39,1.33,8.39,0.67,9.42,1210,53.64,21.85,8.33,4.95,1.81,0.52,2.6,1.64,2.38,2.28
17.23,5578,12.94,40.93,7.09,39.04,72.2,5.27,1.28,12.89,0.22,8.14,1180,47.2,22.55,8.96,5.61,2.34,1.01,1.19,1.28,8.08,1.78
12.1,5971,5.12,42.74,13.26,38.85,70.5,5.59,1.17,7.76,1,13.98,1500,53.32,32.78,7.77,1.19,0.57,0.38,0.4,0.9,2.1,0.59
8.7,6417,1.31,24.26,14.64,59.79,77.8,4.35,1.54,1.07,0.4,14.83,1410,64.43,19.54,7.21,1.15,0.75,0.26,0.78,1.1,0.5,4.28
9.96,6106,2.89,34.17,16.48,46.46,71.6,4.97,1.6,4.07,0.79,16.97,1500,68.54,21.42,4.61,0.49,0.56,0.31,0.99,1.33,0.43,1.32
8.96,6004,2.69,29.97,18.43,48.91,67.2,4.57,1.77,7.1,0.42,18.94,1460,59.48,24.01,3.67,0.44,0.91,0.64,2.61,1.12,0.16,6.96
9.11,6418,3.04,26.61,13.15,57.21,78.3,4.55,1.47,1.72,0.38,13.56,1340,50.1,27.14,11.66,2.88,0.81,0.41,1.35,1.21,1.38,3.06
8.93,6182,2.94,29.41,13.3,54.35,73.7,4.25,1.71,6.26,0.37,13.7,1380,50.94,28.5,6.21,3.09,1.42,0.3,0.61,1.25,5.48,2.2
22.85,5065,13.3,39.8,4.73,42.17,72.7,5.37,1.31,15.02,0.14,5.46,1100,35.4,13.79,12.37,21.23,4.35,0.45,0.9,1.01,8.18,2.32
15.45,6068,5.55,27.27,10.57,56.61,79.1,4.74,1.03,3.73,0.21,11.19,1300,55.7,25.34,5.84,3.1,1.23,1.98,0.71,0.93,4.53,0.64
11.84,6485,5.55,41.43,7.72,45.3,77.6,5.78,1.57,6.08,0.8,8.17,1290,51.41,29.58,8.48,1.62,1.43,0.47,3.11,1.59,1.58,0.73
7.15,6172,1.61,21.95,19.6,56.85,71.4,3.79,1.53,2.85,0.51,19.92,1500,57.57,34.21,3.32,0.38,0.3,0.09,0.35,1.25,0.53,2
25.04,5034,11.19,42.4,7.89,38.52,72.2,5.46,1.05,11.99,0.42,8.88,1290,55.43,28.24,5.68,3.53,1.25,0.17,0.57,0.84,4.03,0.26
20.74,5192,13.37,40.84,6.46,39.33,71.8,5.16,1.15,14.25,0.18,7.46,1170,38.14,20.89,6.97,14.42,2.98,1.99,1.65,2.67,6.93,3.36
19.14,5319,8.34,40.26,12.23,39.17,68.4,5.34,1.04,11.2,0.68,13.34,1440,54.04,31.96,4.54,2.1,1.64,0.31,1.1,1.11,2.88,0.32
24.08,4889,9.65,40.78,10.54,39.03,68.2,5.14,1.03,12.88,1.09,11.67,1270,58.23,23.43,6.35,3.06,1.63,0.68,1.39,0.84,3.75,0.64
25.54,5115,12.06,40.23,7.9,39.8,72.2,5.36,1.12,11.78,0.56,8.98,1220,52.14,19.27,9.19,7.97,2.36,0.48,1.6,1.65,0.93,4.41
7.51,6279,3.29,32.28,15.12,49.31,71.3,4.82,2.04,5.77,0.43,15.63,1500,61.02,21.77,5.35,0.36,0.72,0.19,2.52,1.12,0.23,6.72
9.97,6329,3.36,35.49,13.88,47.27,74.6,5.15,1.47,3.4,1.02,14.36,1500,56.86,24.18,8.6,3.47,0.71,0.44,0.83,1.99,0.88,2.04
20.71,5114,7.77,40.38,12.17,39.68,68.3,5.15,1.19,10.95,1.21,13.2,1270,50.7,22.27,11.18,4.22,1.45,0.37,1.34,2.73,2.75,2.99
15.33,6041,8.18,36.45,5.81,49.57,76.1,5.15,1.44,10.42,0.56,6.33,1190,50.62,22.38,7.41,4.65,1.81,1.67,1.32,2.05,6.45,1.64
10.43,6065,3.33,33.88,16.08,46.7,71.4,4.88,1.72,4.65,0.72,16.63,1500,57.37,27.45,6.35,0.36,0.69,0.18,1.4,3.11,0.25,2.84
21.14,5345,12.06,40.27,5.75,41.92,73.4,5.47,1.36,13,0.23,6.54,1240,52.1,17.59,9.89,6.4,2.93,0.85,1.88,1.74,5.03,1.59
25.67,5087,13.73,39.77,4.96,41.55,73.9,5.27,1.37,12.57,1.14,5.75,1230,45.92,20.69,19.07,3.46,1.89,0.09,1.29,2.21,3.65,1.73
12.16,5971,4.39,25.27,14.6,55.74,75.3,3.91,1.23,3.96,0.33,15.27,1480,47.09,29.16,13.21,1.83,1.49,0.23,1.03,1.42,1.2,3.34
27.97,5138,10.89,44.01,3.25,41.85,74.3,5.46,0.84,15.69,0.06,3.65,1190,40.04,18.24,12.63,11.59,4.99,0.89,1.05,1.94,5.68,2.95
21.83,5233,10.26,42.14,6.74,40.85,72.1,5.23,1.22,13.83,0.11,7.51,1130,39.91,17.16,11.99,14.37,2.84,1.54,0.99,2.65,5.8,2.75
20.33,5439,11.99,40.86,5.92,41.23,72.9,5.25,1.27,13.25,0.6,6.73,1150,40.15,17.69,11.42,7.44,2.48,3.84,1.03,2.02,11.35,2.58
8.38,6260,2.11,25.36,14.88,57.65,77,4.46,1.51,1.46,0.37,15.2,1500,59.05,26.57,7.09,0.55,0.46,0.12,0.37,1.67,0.9,3.22
12.06,6370,3.55,42.59,7.7,46.16,78.5,5.91,1.69,5.16,0.76,7.98,1400,49.97,28.27,9.74,1.25,1.48,0.57,3.4,1.59,1.23,2.5
25.04,5113,13.02,39.97,4.75,42.26,72.4,5.26,1.4,15.38,0.09,5.46,1150,43.96,18.82,9.38,9.18,2.57,2.68,1.52,1.78,7,3.11
7.37,6388,2.69,33.91,12.89,50.51,76.2,5.25,1.69,2.96,0.65,13.25,1320,52,21.57,5.82,5.21,0.98,0.68,0.59,3.72,5.73,3.7
24.04,5241,13.76,42.08,4.42,39.75,73.8,5.29,1.37,14.31,0.11,5.13,1100,41.19,16.82,9.26,10.42,2.63,1.98,0.93,2.65,8.2,5.92
21.08,5253,12.24,42.71,6.03,39.02,72.4,5.22,1.15,14.25,0.11,6.87,1110,42.71,14.98,10.84,9.38,2.18,2.34,1.45,4.34,5.05,6.73
18.58,5563,10.37,41.19,7.68,40.76,72.1,5.7,1.48,10.95,1.2,8.57,1170,50.74,23.84,9.36,3.68,2.03,0.43,0.92,0.84,2.1,6.06
24.4,5141,11.69,41.58,6.08,40.65,71.9,5.39,1.38,13.8,0.64,6.88,1100,45.06,19.47,10.16,4.37,2.09,2.84,1.21,2.12,8.83,3.85
10.02,6176,4.12,32.12,14.66,49.1,72.5,4.98,1.78,5.01,0.44,15.29,1500,61.78,23.72,4.67,0.87,1.11,0.37,0.31,0.71,0.58,5.88
22.24,5500,8.62,42.97,5.66,42.75,72.3,5.46,1.28,13.52,1.24,6.19,1160,47.91,21.03,12.34,5.16,2.69,0.48,0.87,1.07,6,2.45
7.62,6319,2.8,31.27,16.7,49.22,71.6,4.69,1.63,4.07,0.83,17.18,1460,69.98,18,5.28,0.72,0.92,0.16,0.68,1.17,0.25,2.84
9.62,6373,1.66,26.38,14.85,56.66,75.8,4.48,1.54,2.67,0.41,15.1,1500,50.62,28.47,5.57,0.78,0.65,0.14,0.49,6.59,1.45,5.24
14.41,6049,6.12,34.42,8.46,50.99,77.1,4.84,0.87,8.02,0.16,9.01,1180,53.02,10.9,8.04,10.48,2.78,0.62,1.06,1.06,7.08,4.96
26.99,5335,13.26,42.56,3.16,41.01,74.2,5.69,0.97,15.36,0.13,3.64,1170,40.02,17.64,11.97,8.4,3.79,0.81,0.91,3.12,7.55,5.79
22.24,5346,10.7,41,5.83,42.47,72.8,4.96,1.53,13.33,0.85,6.53,1080,44.79,16.78,11.03,4.53,1.81,3.04,1.24,1.98,11.93,2.87
20.16,5503,11.95,43.02,5.61,39.41,73.8,4.49,1.41,13.83,0.09,6.37,1110,43.92,15.05,10.95,10.14,1.94,1.96,0.78,2.52,8.45,4.29
21.04,5048,12.65,40.83,10.8,35.72,68,5.01,1.22,13.02,0.39,12.36,1270,51.18,24.04,12.28,2.54,0.91,1.05,0.49,1.18,2.65,3.68
7.56,6246,2.9,32.18,16.16,48.77,71.3,4.8,1.55,4.97,0.74,16.64,1430,63.1,23.44,4.78,0.98,0.64,0.18,0.63,1.04,1.83,3.38
7.76,6329,1.18,24.85,17.18,56.79,74,4.53,1.63,1.99,0.47,17.39,1500,58.88,24.66,4.8,0.54,0.48,0.16,0.42,2.88,0.73,6.45
17.82,5646,4.16,45.73,7.49,42.62,72.5,5.56,1.28,12.51,0.33,7.82,1240,47.68,23.14,5.93,4.11,1.89,1.67,1.54,2.34,6.03,5.67
6.64,6488,1.89,24.91,15.91,57.29,75.4,4.56,1.67,1.82,0.33,16.22,1500,51.06,28.85,5.83,0.53,0.45,0.17,0.34,4.22,2.23,6.32
9.35,6355,2.8,32.03,14.15,51.01,74,5.1,1.81,3.88,0.65,14.56,1450,56.5,23.12,6.94,4.16,0.68,0.44,0.4,1.92,0.5,5.34
22.01,5249,11.73,43.79,7.07,37.41,72.2,5.37,1.43,11.97,1.02,8.01,1150,47.82,21.41,9.26,3.98,1.8,1.13,0.78,2.08,7.85,3.89
19.87,5446,4.83,45.03,5.61,44.52,73.1,5.28,1.55,13.15,1.03,5.89,1140,52.72,25.13,9.38,1.35,0.9,0.93,0.55,0.84,4.15,4.05
22.89,5264,5.76,47.35,5.24,41.65,73.4,5.34,1.37,14.15,0.18,5.56,1140,48.14,17.9,8.3,6.13,3.99,0.74,1.57,1.58,5.83,5.82
10,6214,3.13,32.09,15.46,49.32,72.2,5.58,1.66,3.86,0.74,15.96,1460,55.48,26.37,6.36,0.62,1.7,0.47,1.58,2.02,0.48,4.92
18.2,5516,6.27,44.66,8.58,40.49,72,5.22,1.38,11.53,0.71,9.15,1180,45.28,18.87,11.05,7.19,2.61,1.65,1.45,2.09,7,2.81
9.52,6034,2.46,32.2,17.27,48.06,70.3,4.76,1.74,4.63,0.87,17.71,1500,56.52,27.22,5.62,0.71,0.84,0.27,1.67,3.17,0.35,3.63
14.73,6049,5.53,35.83,7.96,50.68,77.8,4.6,0.77,8.32,0.08,8.43,1120,54.8,8.68,8.43,9.33,3.87,0.62,1.39,1.48,5.58,5.82
23.23,5270,8.33,45.33,4.51,41.83,73.7,5.38,1.39,13.72,0.89,4.92,1230,46.61,26.07,10.68,4.57,1.33,0.66,1.41,3.27,2.73,2.67
21.41,5337,10.94,45.04,5.56,38.47,72.7,5.55,1.35,13.79,0.37,6.24,1150,48.48,20.24,8.37,8.15,2.14,0.82,1.45,2.61,5.25,2.49
